{
  "IcoMoonType": "selection",
  "icons": [
    {
      "icon": {
        "paths": [
          "M838.857 272c5.714 5.714 10.857 12.571 16 20.571h-269.714v-269.714c8 5.143 14.857 10.286 20.571 16zM566.857 365.714h310.857v603.429c0 30.286-24.571 54.857-54.857 54.857h-768c-30.286 0-54.857-24.571-54.857-54.857v-914.286c0-30.286 24.571-54.857 54.857-54.857h457.143v310.857c0 30.286 24.571 54.857 54.857 54.857zM658.286 786.286v-36.571c0-10.286-8-18.286-18.286-18.286h-402.286c-10.286 0-18.286 8-18.286 18.286v36.571c0 10.286 8 18.286 18.286 18.286h402.286c10.286 0 18.286-8 18.286-18.286zM658.286 640v-36.571c0-10.286-8-18.286-18.286-18.286h-402.286c-10.286 0-18.286 8-18.286 18.286v36.571c0 10.286 8 18.286 18.286 18.286h402.286c10.286 0 18.286-8 18.286-18.286zM658.286 493.714v-36.571c0-10.286-8-18.286-18.286-18.286h-402.286c-10.286 0-18.286 8-18.286 18.286v36.571c0 10.286 8 18.286 18.286 18.286h402.286c10.286 0 18.286-8 18.286-18.286z"
        ],
        "attrs": [
          {}
        ],
        "width": 878,
        "isMulticolor": false,
        "isMulticolor2": false,
        "tags": [
          "file-text"
        ],
        "grid": 14
      },
      "attrs": [
        {}
      ],
      "properties": {
        "order": 6,
        "id": 0,
        "name": "file-text",
        "prevSize": 28,
        "code": 59654
      },
      "setIdx": 0,
      "setId": 2,
      "iconIdx": 0
    },
    {
      "icon": {
        "paths": [
          "M731.429 768c0-20-16.571-36.571-36.571-36.571s-36.571 16.571-36.571 36.571 16.571 36.571 36.571 36.571 36.571-16.571 36.571-36.571zM877.714 768c0-20-16.571-36.571-36.571-36.571s-36.571 16.571-36.571 36.571 16.571 36.571 36.571 36.571 36.571-16.571 36.571-36.571zM950.857 640v182.857c0 30.286-24.571 54.857-54.857 54.857h-841.143c-30.286 0-54.857-24.571-54.857-54.857v-182.857c0-30.286 24.571-54.857 54.857-54.857h265.714l77.143 77.714c21.143 20.571 48.571 32 77.714 32s56.571-11.429 77.714-32l77.714-77.714h265.143c30.286 0 54.857 24.571 54.857 54.857zM765.143 314.857c5.714 13.714 2.857 29.714-8 40l-256 256c-6.857 7.429-16.571 10.857-25.714 10.857s-18.857-3.429-25.714-10.857l-256-256c-10.857-10.286-13.714-26.286-8-40 5.714-13.143 18.857-22.286 33.714-22.286h146.286v-256c0-20 16.571-36.571 36.571-36.571h146.286c20 0 36.571 16.571 36.571 36.571v256h146.286c14.857 0 28 9.143 33.714 22.286z"
        ],
        "attrs": [
          {}
        ],
        "width": 951,
        "isMulticolor": false,
        "isMulticolor2": false,
        "tags": [
          "download"
        ],
        "grid": 14
      },
      "attrs": [
        {}
      ],
      "properties": {
        "order": 1,
        "id": 1,
        "name": "download",
        "prevSize": 28,
        "code": 59648
      },
      "setIdx": 1,
      "setId": 1,
      "iconIdx": 0
    },
    {
      "icon": {
        "paths": [
          "M841.143 548.571c0 19.429-7.429 38.286-21.143 52l-372 372c-13.714 13.143-32.571 21.143-52 21.143s-37.714-8-51.429-21.143l-42.857-42.857c-13.714-13.714-21.714-32.571-21.714-52s8-38.286 21.714-52l167.429-167.429h-402.286c-41.143 0-66.857-34.286-66.857-73.143v-73.143c0-38.857 25.714-73.143 66.857-73.143h402.286l-167.429-168c-13.714-13.143-21.714-32-21.714-51.429s8-38.286 21.714-51.429l42.857-42.857c13.714-13.714 32-21.714 51.429-21.714s38.286 8 52 21.714l372 372c13.714 13.143 21.143 32 21.143 51.429z"
        ],
        "attrs": [
          {}
        ],
        "width": 841,
        "isMulticolor": false,
        "isMulticolor2": false,
        "tags": [
          "arrow-right"
        ],
        "grid": 14
      },
      "attrs": [
        {}
      ],
      "properties": {
        "order": 1,
        "id": 0,
        "name": "arrow-right",
        "prevSize": 28,
        "code": 59649
      },
      "setIdx": 1,
      "setId": 1,
      "iconIdx": 1
    },
    {
      "icon": {
        "paths": [
          "M316 658l-60-60 256-256 256 256-60 60-196-196z"
        ],
        "attrs": [
          {}
        ],
        "isMulticolor": false,
        "isMulticolor2": false,
        "tags": [
          "keyboard_arrow_up"
        ],
        "grid": 24
      },
      "attrs": [
        {}
      ],
      "properties": {
        "order": 1,
        "id": 3,
        "name": "keyboard_arrow_up",
        "prevSize": 24,
        "code": 59650
      },
      "setIdx": 1,
      "setId": 1,
      "iconIdx": 2
    },
    {
      "icon": {
        "paths": [
          "M366 698l196-196-196-196 60-60 256 256-256 256z"
        ],
        "attrs": [
          {}
        ],
        "isMulticolor": false,
        "isMulticolor2": false,
        "tags": [
          "keyboard_arrow_right"
        ],
        "grid": 24
      },
      "attrs": [
        {}
      ],
      "properties": {
        "order": 2,
        "id": 2,
        "name": "keyboard_arrow_right",
        "prevSize": 24,
        "code": 59651
      },
      "setIdx": 1,
      "setId": 1,
      "iconIdx": 3
    },
    {
      "icon": {
        "paths": [
          "M658 686l-60 60-256-256 256-256 60 60-196 196z"
        ],
        "attrs": [
          {}
        ],
        "isMulticolor": false,
        "isMulticolor2": false,
        "tags": [
          "keyboard_arrow_left"
        ],
        "grid": 24
      },
      "attrs": [
        {}
      ],
      "properties": {
        "order": 3,
        "id": 1,
        "name": "keyboard_arrow_left",
        "prevSize": 24,
        "code": 59652
      },
      "setIdx": 1,
      "setId": 1,
      "iconIdx": 4
    },
    {
      "icon": {
        "paths": [
          "M316 334l196 196 196-196 60 60-256 256-256-256z"
        ],
        "attrs": [
          {}
        ],
        "isMulticolor": false,
        "isMulticolor2": false,
        "tags": [
          "keyboard_arrow_down"
        ],
        "grid": 24
      },
      "attrs": [
        {}
      ],
      "properties": {
        "order": 4,
        "id": 0,
        "name": "keyboard_arrow_down",
        "prevSize": 24,
        "code": 59653
      },
      "setIdx": 1,
      "setId": 1,
      "iconIdx": 5
    }
  ],
  "height": 1024,
  "metadata": {
    "name": "icomoon"
  },
  "preferences": {
    "showGlyphs": true,
    "showCodes": true,
    "showQuickUse": true,
    "showQuickUse2": true,
    "showSVGs": true,
    "fontPref": {
      "prefix": "icon-",
      "metadata": {
        "fontFamily": "icomoon"
      },
      "metrics": {
        "emSize": 1024,
        "baseline": 6.25,
        "whitespace": 50
      },
      "embed": false
    },
    "imagePref": {
      "prefix": "icon-",
      "png": true,
      "useClassSelector": true,
      "color": 0,
      "bgColor": 16777215
    },
    "historySize": 100,
    "gridSize": 16
  }
}